[{"@type":"mappingTemplate","id":"@1","name":"m_get_ProductList","description":"SFDC Product2データを商品コードでソート後Textとして出力する","bundleVersion":"0","templateId":"@3","deployTime":1589335727000,"hasParameters":false,"valid":true,"fixedConnection":true,"hasParametersDeployed":false,"fixedConnectionDeployed":true,"tasks":2,"mappingPreviewFileRecordId":"@2","documentType":"","references":[{"@type":"reference","refObjectId":"@86auJWMtGMPeuc8mfUwKC0","refType":"connection"},{"@type":"reference","refObjectId":"@8P758KqQ3y3k8hDIizOQkL","refType":"connection"}]}]