[{"@type":"mappingTemplate","id":"@1","name":"m_accountdata_raw_paramsources","description":"","bundleVersion":"0","templateId":"@3","deployTime":1611375140000,"hasParameters":true,"valid":true,"fixedConnection":true,"hasParametersDeployed":true,"fixedConnectionDeployed":true,"tasks":1,"mappingPreviewFileRecordId":"@2","documentType":"MAPPING","references":[{"@type":"reference","refObjectId":"@dn8rRZVs8KzhFyL68UIhiG","refType":"connection"},{"@type":"reference","refObjectId":"@86auJWMtGMPeuc8mfUwKC0","refType":"connection"}]}]