[{"@type":"mtTask","id":"@1","name":"mt_accountdata_raw_paramsources","description":"","runtimeEnvironmentId":"@7ZqlCqmmNPTeuCnAUtn0WT","maxLogs":10,"verbose":false,"lastRunTime":1611389390000,"mappingId":"@2ZKiEpoEFQVfwYulKqpfa9","shortDescription":"","sessionPropertiesList":[],"enableCrossSchemaPushdown":true,"enableParallelRun":false,"autoTunedApplied":false,"autoTunedAppliedType":"NONE","paramFileType":"PARAM_FILE_LOCAL","parameterFileEncoding":"UTF-8","serverlessProperties":{},"parameters":[{"@type":"mtTaskParameter","id":194011738,"name":"$src_ff_accountdata$","type":"EXTENDED_SOURCE","label":"src_ff_accountdata","uiProperties":{"connectionParameterized":"false","isMsrcFilterParameterized":"false","isMsrcSortParameterized":"false","objlabel":"prm_srcObject","objectParameterized":"true","objDesc":""},"sourceConnectionId":"@86auJWMtGMPeuc8mfUwKC0","newFlatFile":false,"newObject":false,"showBusinessNames":true,"naturalOrder":true,"truncateTarget":false,"bulkApiDBTarget":false,"customFuncCfg":{"@type":"customFuncConfig","id":-1,"connections":[],"inputMap":[],"outputFields":[]},"tgtFieldRefs":{},"targetUpdateColumns":[],"extendedObject":{"@type":"extendedObject","object":{"@type":"mObject","name":"as_accountdata_2020-11-01_2020-11-30.csv","label":"as_accountdata_2020-11-01_2020-11-30.csv","metadataUpdated":false,"relations":[],"children":[]},"filters":[],"sortFields":[]},"runtimeAttrs":{},"isRESTModernSource":true,"isFileList":false,"handleSpecialChars":false,"frsAsset":false,"dynamicFileName":false,"currentlyProcessedFileName":false,"tgtObjectAttributes":{},"runtimeParameterData":{"@type":"mtTaskRuntimeParameterData","isConnectionRuntimeParameter":false,"isObjectRuntimeParameter":false,"objectParameterName":"prm_srcObject"},"overriddenFields":[]},{"@type":"mtTaskParameter","id":194011741,"name":"$tgt_gcp_account_rawdata$","type":"TARGET","label":"tgt_gcp_account_rawdata","uiProperties":{"connectionParameterized":"false","objectParameterized":"false","visible":"false","defaultTargetUpdateColumns":"ID"},"targetConnectionId":"@dn8rRZVs8KzhFyL68UIhiG","targetObject":"madaxe_ds01/asekine_account_raw","targetObjectLabel":"asekine_account_raw","newFlatFile":false,"newObject":false,"showBusinessNames":false,"naturalOrder":true,"truncateTarget":false,"bulkApiDBTarget":false,"operationType":"Rowbased","customFuncCfg":{"@type":"customFuncConfig","id":-1,"connections":[],"inputMap":[],"outputFields":[]},"tgtFieldRefs":{},"targetUpdateColumns":["ID"],"extendedObject":{"@type":"extendedObject","filters":[],"sortFields":[]},"runtimeAttrs":{},"isRESTModernSource":true,"isFileList":false,"handleSpecialChars":false,"frsAsset":false,"dynamicFileName":false,"currentlyProcessedFileName":false,"tgtObjectAttributes":{},"runtimeParameterData":{"@type":"mtTaskRuntimeParameterData","isConnectionRuntimeParameter":false,"isObjectRuntimeParameter":false},"overriddenFields":[]}],"sequences":[],"inOutParameters":[],"connRuntimeAttrs":[]}]