[{"@type":"mappingTemplate","id":"@1","name":"m_ingest_sfdcProduct_to_Oracle","description":"","bundleVersion":"0","templateId":"@3","deployTime":1590390057000,"hasParameters":false,"valid":true,"fixedConnection":true,"hasParametersDeployed":false,"fixedConnectionDeployed":true,"tasks":0,"mappingPreviewFileRecordId":"@2","documentType":"","references":[{"@type":"reference","refObjectId":"@4QtswDIvzMCd3tyR9TOJix","refType":"connection"},{"@type":"reference","refObjectId":"@a1lj5FrYowCk3F3fNyOXcR","refType":"connection"}]}]