[{"@type":"mappingTemplate","id":"@1","name":"m_accountdata_raw","description":"","bundleVersion":"0","templateId":"@3","deployTime":1611374934000,"hasParameters":false,"valid":true,"fixedConnection":true,"hasParametersDeployed":false,"fixedConnectionDeployed":true,"tasks":1,"mappingPreviewFileRecordId":"@2","documentType":"MAPPING","references":[{"@type":"reference","refObjectId":"@86auJWMtGMPeuc8mfUwKC0","refType":"connection"},{"@type":"reference","refObjectId":"@dn8rRZVs8KzhFyL68UIhiG","refType":"connection"}]}]