[{"@type":"mappingTemplate","id":"@1","name":"m_ingest_Sfdcdata_to_Oracle","description":"","bundleVersion":"0","templateId":"@3","deployTime":1591017763000,"hasParameters":false,"valid":true,"fixedConnection":true,"hasParametersDeployed":false,"fixedConnectionDeployed":true,"tasks":1,"mappingPreviewFileRecordId":"@2","documentType":"","references":[{"@type":"reference","refObjectId":"@4QtswDIvzMCd3tyR9TOJix","refType":"connection"},{"@type":"reference","refObjectId":"@a1lj5FrYowCk3F3fNyOXcR","refType":"connection"}]}]