[{"@type":"dssTask","id":"@1","name":"st_DataIngest_to_Oracle01_Customer","description":"","maxLogs":10,"sourceConnectionId":"@86auJWMtGMPeuc8mfUwKC0","targetConnectionId":"@6nIFi2GGGoRhNc6Bq6YLKo","targetObject":"DIH_CUSTOMER","targetObjectLabel":"DIH_CUSTOMER","operation":"Insert","maxRows":0,"truncateTarget":false,"bulkApiDBTarget":false,"verbose":false,"srcFlatFileAttrs":{"@type":"flatFileAttrs","id":11871817,"delimiter":",","textQualifier":"\"","escapeChar":"","headerLineNo":1,"firstDataRow":2},"targetMetadataUpdated":false,"modelVersion":"V3-R600","queryAll":false,"srcSettings":{"@type":"taskDataSourceSetting","isShowLabels":false,"isNaturalOrder":true},"tgtSettings":{"@type":"taskDataSourceSetting","isShowLabels":false,"isNaturalOrder":true},"cfSettings":{"@type":"taskDataSourceSetting","isShowLabels":false,"isNaturalOrder":false},"bulkApi":false,"bulkApiSerialMode":false,"bulkApiMonitor":false,"isTargetObjectSfCustom":false,"allowNullUpdates":false,"targetBatchSize":200,"assignmentRuleId":"-1","assignmentRuleType":"None","createSuccessFile":false,"bulkApiHardDelete":false,"srcRuntimeAttrs":{"@type":"taskRuntimeAttrs","attrs":{}},"tgtRuntimeAttrs":{"@type":"taskRuntimeAttrs","attrs":{}},"parameterFileEncoding":"UTF-8","sourceObjects":[{"@type":"mObject","name":"DIH_CRM.CUSTOMER.csv","label":"DIH_CRM.CUSTOMER.csv","metadataUpdated":false,"relations":[],"children":[]}],"advancedFilters":[],"filters":[],"fieldMaps":[{"@type":"fieldMap","id":"18294157","targetField":{"@type":"field","id":50598391,"name":"PARTY_ID","type":"double","uniqueName":"PARTY_ID","label":"PARTY_ID","parentObject":"DIH_CUSTOMER","pcType":"FLOAT","precision":15,"scale":0,"columnIndex":0,"isKey":false,"isExternalId":false,"isSfIdLookup":false,"isNullable":true,"isUnique":false,"isCreateable":false,"isUpdateable":true,"isFilterable":true,"isCalculated":false,"showLabel":false,"naturalOrder":0,"linkedFields":["PARTY_ID"],"relatedInfos":[],"references":[]},"expression":"PARTY_ID"},{"@type":"fieldMap","id":"18294160","targetField":{"@type":"field","id":50598394,"name":"NAME","type":"varchar","uniqueName":"NAME","label":"NAME","parentObject":"DIH_CUSTOMER","pcType":"STRING","precision":60,"scale":0,"columnIndex":1,"isKey":false,"isExternalId":false,"isSfIdLookup":false,"isNullable":true,"isUnique":false,"isCreateable":false,"isUpdateable":true,"isFilterable":true,"isCalculated":false,"showLabel":false,"naturalOrder":1,"linkedFields":["NAME"],"relatedInfos":[],"references":[]},"expression":"NAME"},{"@type":"fieldMap","id":"18294163","targetField":{"@type":"field","id":50598397,"name":"ADDRESS","type":"varchar","uniqueName":"ADDRESS","label":"ADDRESS","parentObject":"DIH_CUSTOMER","pcType":"STRING","precision":60,"scale":0,"columnIndex":2,"isKey":false,"isExternalId":false,"isSfIdLookup":false,"isNullable":true,"isUnique":false,"isCreateable":false,"isUpdateable":true,"isFilterable":true,"isCalculated":false,"showLabel":false,"naturalOrder":2,"linkedFields":["ADDRESS"],"relatedInfos":[],"references":[]},"expression":"ADDRESS"},{"@type":"fieldMap","id":"18294166","targetField":{"@type":"field","id":50598400,"name":"ADDRESS2","type":"varchar","uniqueName":"ADDRESS2","label":"ADDRESS2","parentObject":"DIH_CUSTOMER","pcType":"STRING","precision":60,"scale":0,"columnIndex":3,"isKey":false,"isExternalId":false,"isSfIdLookup":false,"isNullable":true,"isUnique":false,"isCreateable":false,"isUpdateable":true,"isFilterable":true,"isCalculated":false,"showLabel":false,"naturalOrder":3,"linkedFields":["ADDRESS2"],"relatedInfos":[],"references":[]},"expression":"ADDRESS2"},{"@type":"fieldMap","id":"18294169","targetField":{"@type":"field","id":50598403,"name":"CITY","type":"varchar","uniqueName":"CITY","label":"CITY","parentObject":"DIH_CUSTOMER","pcType":"STRING","precision":30,"scale":0,"columnIndex":4,"isKey":false,"isExternalId":false,"isSfIdLookup":false,"isNullable":true,"isUnique":false,"isCreateable":false,"isUpdateable":true,"isFilterable":true,"isCalculated":false,"showLabel":false,"naturalOrder":4,"linkedFields":["CITY"],"relatedInfos":[],"references":[]},"expression":"CITY"},{"@type":"fieldMap","id":"18294172","targetField":{"@type":"field","id":50598406,"name":"STATE","type":"varchar","uniqueName":"STATE","label":"STATE","parentObject":"DIH_CUSTOMER","pcType":"STRING","precision":20,"scale":0,"columnIndex":5,"isKey":false,"isExternalId":false,"isSfIdLookup":false,"isNullable":true,"isUnique":false,"isCreateable":false,"isUpdateable":true,"isFilterable":true,"isCalculated":false,"showLabel":false,"naturalOrder":5,"linkedFields":["STATE"],"relatedInfos":[],"references":[]},"expression":"STATE"},{"@type":"fieldMap","id":"18294175","targetField":{"@type":"field","id":50598409,"name":"ZIPCODE","type":"varchar","uniqueName":"ZIPCODE","label":"ZIPCODE","parentObject":"DIH_CUSTOMER","pcType":"STRING","precision":20,"scale":0,"columnIndex":6,"isKey":false,"isExternalId":false,"isSfIdLookup":false,"isNullable":true,"isUnique":false,"isCreateable":false,"isUpdateable":true,"isFilterable":true,"isCalculated":false,"showLabel":false,"naturalOrder":6,"linkedFields":["ZIPCODE"],"relatedInfos":[],"references":[]},"expression":"ZIPCODE"},{"@type":"fieldMap","id":"18294178","targetField":{"@type":"field","id":50598412,"name":"COUNTRY","type":"varchar","uniqueName":"COUNTRY","label":"COUNTRY","parentObject":"DIH_CUSTOMER","pcType":"STRING","precision":20,"scale":0,"columnIndex":7,"isKey":false,"isExternalId":false,"isSfIdLookup":false,"isNullable":true,"isUnique":false,"isCreateable":false,"isUpdateable":true,"isFilterable":true,"isCalculated":false,"showLabel":false,"naturalOrder":7,"linkedFields":["COUNTRY"],"relatedInfos":[],"references":[]},"expression":"COUNTRY"},{"@type":"fieldMap","id":"18294181","targetField":{"@type":"field","id":50598415,"name":"PHONE","type":"varchar","uniqueName":"PHONE","label":"PHONE","parentObject":"DIH_CUSTOMER","pcType":"STRING","precision":20,"scale":0,"columnIndex":8,"isKey":false,"isExternalId":false,"isSfIdLookup":false,"isNullable":true,"isUnique":false,"isCreateable":false,"isUpdateable":true,"isFilterable":true,"isCalculated":false,"showLabel":false,"naturalOrder":8,"linkedFields":["PHONE"],"relatedInfos":[],"references":[]},"expression":"PHONE"},{"@type":"fieldMap","id":"18294184","targetField":{"@type":"field","id":50598418,"name":"EMAIL","type":"varchar","uniqueName":"EMAIL","label":"EMAIL","parentObject":"DIH_CUSTOMER","pcType":"STRING","precision":80,"scale":0,"columnIndex":9,"isKey":false,"isExternalId":false,"isSfIdLookup":false,"isNullable":true,"isUnique":false,"isCreateable":false,"isUpdateable":true,"isFilterable":true,"isCalculated":false,"showLabel":false,"naturalOrder":9,"linkedFields":["EMAIL"],"relatedInfos":[],"references":[]},"expression":"EMAIL"},{"@type":"fieldMap","id":"18294187","targetField":{"@type":"field","id":50598421,"name":"STATUS","type":"varchar","uniqueName":"STATUS","label":"STATUS","parentObject":"DIH_CUSTOMER","pcType":"STRING","precision":20,"scale":0,"columnIndex":10,"isKey":false,"isExternalId":false,"isSfIdLookup":false,"isNullable":true,"isUnique":false,"isCreateable":false,"isUpdateable":true,"isFilterable":true,"isCalculated":false,"showLabel":false,"naturalOrder":10,"linkedFields":["STATUS"],"relatedInfos":[],"references":[]},"expression":"STATUS"},{"@type":"fieldMap","id":"18294190","targetField":{"@type":"field","id":50598424,"name":"TIER","type":"double","uniqueName":"TIER","label":"TIER","parentObject":"DIH_CUSTOMER","pcType":"FLOAT","precision":15,"scale":0,"columnIndex":11,"isKey":false,"isExternalId":false,"isSfIdLookup":false,"isNullable":true,"isUnique":false,"isCreateable":false,"isUpdateable":true,"isFilterable":true,"isCalculated":false,"showLabel":false,"naturalOrder":11,"linkedFields":["TIER"],"relatedInfos":[],"references":[]},"expression":"TIER"},{"@type":"fieldMap","id":"18294193","targetField":{"@type":"field","id":50598427,"name":"GENDER","type":"varchar","uniqueName":"GENDER","label":"GENDER","parentObject":"DIH_CUSTOMER","pcType":"STRING","precision":20,"scale":0,"columnIndex":12,"isKey":false,"isExternalId":false,"isSfIdLookup":false,"isNullable":true,"isUnique":false,"isCreateable":false,"isUpdateable":true,"isFilterable":true,"isCalculated":false,"showLabel":false,"naturalOrder":12,"linkedFields":["GENDER"],"relatedInfos":[],"references":[]},"expression":"GENDER"},{"@type":"fieldMap","id":"18294196","targetField":{"@type":"field","id":50598430,"name":"DOB","type":"timestamp","uniqueName":"DOB","label":"DOB","parentObject":"DIH_CUSTOMER","pcType":"DATE","precision":23,"scale":3,"columnIndex":13,"isKey":false,"isExternalId":false,"isSfIdLookup":false,"isNullable":true,"isUnique":false,"isCreateable":false,"isUpdateable":true,"isFilterable":true,"isCalculated":false,"showLabel":false,"naturalOrder":13,"linkedFields":["DOB"],"relatedInfos":[],"references":[]},"expression":"DOB"},{"@type":"fieldMap","id":"18294199","targetField":{"@type":"field","id":50598433,"name":"CC_TYPE","type":"varchar","uniqueName":"CC_TYPE","label":"CC_TYPE","parentObject":"DIH_CUSTOMER","pcType":"STRING","precision":20,"scale":0,"columnIndex":14,"isKey":false,"isExternalId":false,"isSfIdLookup":false,"isNullable":true,"isUnique":false,"isCreateable":false,"isUpdateable":true,"isFilterable":true,"isCalculated":false,"showLabel":false,"naturalOrder":14,"linkedFields":["CC_TYPE"],"relatedInfos":[],"references":[]},"expression":"CC_TYPE"},{"@type":"fieldMap","id":"18294202","targetField":{"@type":"field","id":50598436,"name":"CC_NUM","type":"varchar","uniqueName":"CC_NUM","label":"CC_NUM","parentObject":"DIH_CUSTOMER","pcType":"STRING","precision":20,"scale":0,"columnIndex":15,"isKey":false,"isExternalId":false,"isSfIdLookup":false,"isNullable":true,"isUnique":false,"isCreateable":false,"isUpdateable":true,"isFilterable":true,"isCalculated":false,"showLabel":false,"naturalOrder":15,"linkedFields":["CC_NUM"],"relatedInfos":[],"references":[]},"expression":"CC_NUM"},{"@type":"fieldMap","id":"18294205","targetField":{"@type":"field","id":50598439,"name":"CC_EXP_DT","type":"timestamp","uniqueName":"CC_EXP_DT","label":"CC_EXP_DT","parentObject":"DIH_CUSTOMER","pcType":"DATE","precision":23,"scale":3,"columnIndex":16,"isKey":false,"isExternalId":false,"isSfIdLookup":false,"isNullable":true,"isUnique":false,"isCreateable":false,"isUpdateable":true,"isFilterable":true,"isCalculated":false,"showLabel":false,"naturalOrder":16,"linkedFields":["CC_EXP_DT"],"relatedInfos":[],"references":[]},"expression":"CC_EXP_DT"}],"sourceFields":[{"@type":"field","id":50598442,"name":"PARTY_ID","type":"double","uniqueName":"PARTY_ID","label":"PARTY_ID","parentObject":"DIH_CRM.CUSTOMER.csv","pcType":"FLOAT","precision":15,"scale":0,"columnIndex":0,"isKey":false,"isExternalId":false,"isSfIdLookup":false,"isNullable":true,"isUnique":false,"isCreateable":false,"isUpdateable":true,"isFilterable":true,"isCalculated":false,"showLabel":false,"naturalOrder":0,"linkedFields":["PARTY_ID"],"relatedInfos":[],"references":[]},{"@type":"field","id":50598445,"name":"NAME","type":"nstring","uniqueName":"NAME","label":"NAME","parentObject":"DIH_CRM.CUSTOMER.csv","pcType":"UNISTRING","precision":60,"scale":0,"columnIndex":1,"isKey":false,"isExternalId":false,"isSfIdLookup":false,"isNullable":true,"isUnique":false,"isCreateable":false,"isUpdateable":true,"isFilterable":true,"isCalculated":false,"showLabel":false,"naturalOrder":0,"linkedFields":["NAME"],"relatedInfos":[],"references":[]},{"@type":"field","id":50598448,"name":"ADDRESS","type":"nstring","uniqueName":"ADDRESS","label":"ADDRESS","parentObject":"DIH_CRM.CUSTOMER.csv","pcType":"UNISTRING","precision":60,"scale":0,"columnIndex":2,"isKey":false,"isExternalId":false,"isSfIdLookup":false,"isNullable":true,"isUnique":false,"isCreateable":false,"isUpdateable":true,"isFilterable":true,"isCalculated":false,"showLabel":false,"naturalOrder":0,"linkedFields":["ADDRESS"],"relatedInfos":[],"references":[]},{"@type":"field","id":50598451,"name":"ADDRESS2","type":"nstring","uniqueName":"ADDRESS2","label":"ADDRESS2","parentObject":"DIH_CRM.CUSTOMER.csv","pcType":"UNISTRING","precision":60,"scale":0,"columnIndex":3,"isKey":false,"isExternalId":false,"isSfIdLookup":false,"isNullable":true,"isUnique":false,"isCreateable":false,"isUpdateable":true,"isFilterable":true,"isCalculated":false,"showLabel":false,"naturalOrder":0,"linkedFields":["ADDRESS2"],"relatedInfos":[],"references":[]},{"@type":"field","id":50598454,"name":"CITY","type":"nstring","uniqueName":"CITY","label":"CITY","parentObject":"DIH_CRM.CUSTOMER.csv","pcType":"UNISTRING","precision":30,"scale":0,"columnIndex":4,"isKey":false,"isExternalId":false,"isSfIdLookup":false,"isNullable":true,"isUnique":false,"isCreateable":false,"isUpdateable":true,"isFilterable":true,"isCalculated":false,"showLabel":false,"naturalOrder":0,"linkedFields":["CITY"],"relatedInfos":[],"references":[]},{"@type":"field","id":50598457,"name":"STATE","type":"nstring","uniqueName":"STATE","label":"STATE","parentObject":"DIH_CRM.CUSTOMER.csv","pcType":"UNISTRING","precision":20,"scale":0,"columnIndex":5,"isKey":false,"isExternalId":false,"isSfIdLookup":false,"isNullable":true,"isUnique":false,"isCreateable":false,"isUpdateable":true,"isFilterable":true,"isCalculated":false,"showLabel":false,"naturalOrder":0,"linkedFields":["STATE"],"relatedInfos":[],"references":[]},{"@type":"field","id":50598460,"name":"ZIPCODE","type":"nstring","uniqueName":"ZIPCODE","label":"ZIPCODE","parentObject":"DIH_CRM.CUSTOMER.csv","pcType":"UNISTRING","precision":20,"scale":0,"columnIndex":6,"isKey":false,"isExternalId":false,"isSfIdLookup":false,"isNullable":true,"isUnique":false,"isCreateable":false,"isUpdateable":true,"isFilterable":true,"isCalculated":false,"showLabel":false,"naturalOrder":0,"linkedFields":["ZIPCODE"],"relatedInfos":[],"references":[]},{"@type":"field","id":50598463,"name":"COUNTRY","type":"nstring","uniqueName":"COUNTRY","label":"COUNTRY","parentObject":"DIH_CRM.CUSTOMER.csv","pcType":"UNISTRING","precision":20,"scale":0,"columnIndex":7,"isKey":false,"isExternalId":false,"isSfIdLookup":false,"isNullable":true,"isUnique":false,"isCreateable":false,"isUpdateable":true,"isFilterable":true,"isCalculated":false,"showLabel":false,"naturalOrder":0,"linkedFields":["COUNTRY"],"relatedInfos":[],"references":[]},{"@type":"field","id":50598466,"name":"PHONE","type":"nstring","uniqueName":"PHONE","label":"PHONE","parentObject":"DIH_CRM.CUSTOMER.csv","pcType":"UNISTRING","precision":20,"scale":0,"columnIndex":8,"isKey":false,"isExternalId":false,"isSfIdLookup":false,"isNullable":true,"isUnique":false,"isCreateable":false,"isUpdateable":true,"isFilterable":true,"isCalculated":false,"showLabel":false,"naturalOrder":0,"linkedFields":["PHONE"],"relatedInfos":[],"references":[]},{"@type":"field","id":50598469,"name":"EMAIL","type":"nstring","uniqueName":"EMAIL","label":"EMAIL","parentObject":"DIH_CRM.CUSTOMER.csv","pcType":"UNISTRING","precision":80,"scale":0,"columnIndex":9,"isKey":false,"isExternalId":false,"isSfIdLookup":false,"isNullable":true,"isUnique":false,"isCreateable":false,"isUpdateable":true,"isFilterable":true,"isCalculated":false,"showLabel":false,"naturalOrder":0,"linkedFields":["EMAIL"],"relatedInfos":[],"references":[]},{"@type":"field","id":50598472,"name":"STATUS","type":"nstring","uniqueName":"STATUS","label":"STATUS","parentObject":"DIH_CRM.CUSTOMER.csv","pcType":"UNISTRING","precision":20,"scale":0,"columnIndex":10,"isKey":false,"isExternalId":false,"isSfIdLookup":false,"isNullable":true,"isUnique":false,"isCreateable":false,"isUpdateable":true,"isFilterable":true,"isCalculated":false,"showLabel":false,"naturalOrder":0,"linkedFields":["STATUS"],"relatedInfos":[],"references":[]},{"@type":"field","id":50598475,"name":"TIER","type":"double","uniqueName":"TIER","label":"TIER","parentObject":"DIH_CRM.CUSTOMER.csv","pcType":"FLOAT","precision":15,"scale":0,"columnIndex":11,"isKey":false,"isExternalId":false,"isSfIdLookup":false,"isNullable":true,"isUnique":false,"isCreateable":false,"isUpdateable":true,"isFilterable":true,"isCalculated":false,"showLabel":false,"naturalOrder":0,"linkedFields":["TIER"],"relatedInfos":[],"references":[]},{"@type":"field","id":50598478,"name":"GENDER","type":"nstring","uniqueName":"GENDER","label":"GENDER","parentObject":"DIH_CRM.CUSTOMER.csv","pcType":"UNISTRING","precision":20,"scale":0,"columnIndex":12,"isKey":false,"isExternalId":false,"isSfIdLookup":false,"isNullable":true,"isUnique":false,"isCreateable":false,"isUpdateable":true,"isFilterable":true,"isCalculated":false,"showLabel":false,"naturalOrder":0,"linkedFields":["GENDER"],"relatedInfos":[],"references":[]},{"@type":"field","id":50598481,"name":"DOB","type":"datetime","uniqueName":"DOB","label":"DOB","parentObject":"DIH_CRM.CUSTOMER.csv","pcType":"DATE","precision":19,"scale":0,"columnIndex":13,"isKey":false,"isExternalId":false,"isSfIdLookup":false,"isNullable":true,"isUnique":false,"isCreateable":false,"isUpdateable":true,"isFilterable":true,"isCalculated":false,"showLabel":false,"naturalOrder":0,"linkedFields":["DOB"],"relatedInfos":[],"references":[]},{"@type":"field","id":50598484,"name":"CC_TYPE","type":"nstring","uniqueName":"CC_TYPE","label":"CC_TYPE","parentObject":"DIH_CRM.CUSTOMER.csv","pcType":"UNISTRING","precision":20,"scale":0,"columnIndex":14,"isKey":false,"isExternalId":false,"isSfIdLookup":false,"isNullable":true,"isUnique":false,"isCreateable":false,"isUpdateable":true,"isFilterable":true,"isCalculated":false,"showLabel":false,"naturalOrder":0,"linkedFields":["CC_TYPE"],"relatedInfos":[],"references":[]},{"@type":"field","id":50598487,"name":"CC_NUM","type":"nstring","uniqueName":"CC_NUM","label":"CC_NUM","parentObject":"DIH_CRM.CUSTOMER.csv","pcType":"UNISTRING","precision":20,"scale":0,"columnIndex":15,"isKey":false,"isExternalId":false,"isSfIdLookup":false,"isNullable":true,"isUnique":false,"isCreateable":false,"isUpdateable":true,"isFilterable":true,"isCalculated":false,"showLabel":false,"naturalOrder":0,"linkedFields":["CC_NUM"],"relatedInfos":[],"references":[]},{"@type":"field","id":50598490,"name":"CC_EXP_DT","type":"datetime","uniqueName":"CC_EXP_DT","label":"CC_EXP_DT","parentObject":"DIH_CRM.CUSTOMER.csv","pcType":"DATE","precision":19,"scale":0,"columnIndex":16,"isKey":false,"isExternalId":false,"isSfIdLookup":false,"isNullable":true,"isUnique":false,"isCreateable":false,"isUpdateable":true,"isFilterable":true,"isCalculated":false,"showLabel":false,"naturalOrder":0,"linkedFields":["CC_EXP_DT"],"relatedInfos":[],"references":[]}],"sortFields":[],"groupFields":[]}]