[{"@type":"mappingTemplate","id":"@1","name":"m_injest_sfdcProduct_to_oracle","description":"","bundleVersion":"0","templateId":"@4","deployTime":1590389188000,"hasParameters":false,"valid":true,"fixedConnection":true,"hasParametersDeployed":false,"fixedConnectionDeployed":true,"prunedTemplateId":"@3","tasks":0,"mappingPreviewFileRecordId":"@2","documentType":"","references":[{"@type":"reference","refObjectId":"@4QtswDIvzMCd3tyR9TOJix","refType":"connection"},{"@type":"reference","refObjectId":"@a1lj5FrYowCk3F3fNyOXcR","refType":"connection"}]}]